time,col1,col2
2016-01-01,0.59085978,0.59138021
2016-01-02,0.565551769,0.571342306
2016-01-03,0.53867924,0.549769835
2016-01-04,0.511894438,0.526931562
2016-01-05,0.483988659,0.502906605
2016-01-06,0.460364525,0.478314246
2016-01-07,0.429912606,0.452788961
2016-01-08,0.402973786,0.426357848
2016-01-09,0.372922444,0.399340876
2016-01-10,0.3432766,0.371699763
2016-01-11,0.31349473,0.343957715
2016-01-12,0.284599247,0.315648866
2016-01-13,0.256271462,0.28726053
2016-01-14,0.229010799,0.259169205
2016-01-15,0.202765329,0.231964226
2016-01-16,0.177997958,0.206260609
2016-01-17,0.154769607,0.182534935
2016-01-18,0.134125131,0.160663162
2016-01-19,0.115681596,0.140626928
2016-01-20,0.100565637,0.122934345
2016-01-21,0.086465995,0.108078005
2016-01-22,0.074382392,0.096167442
2016-01-23,0.064652292,0.087019276
2016-01-24,0.058023505,0.080916075
2016-01-25,0.055705204,0.077482631
2016-01-26,0.056761603,0.076477145
2016-01-27,0.06117895,0.078068683
2016-01-28,0.068686272,0.082378041
2016-01-29,0.079669878,0.089210326
2016-01-30,0.093484068,0.098963026
2016-01-31,0.109369051,0.110933893
2016-02-01,0.126698588,0.125562505
2016-02-02,0.146211451,0.142300422
2016-02-03,0.167260094,0.160946813
2016-02-04,0.190819884,0.181430174
2016-02-05,0.216175458,0.204257728
2016-02-06,0.241578817,0.228441689
2016-02-07,0.272846676,0.253574124
2016-02-08,0.301313597,0.279920882
2016-02-09,0.333156884,0.307411413
2016-02-10,0.363071219,0.335037696
2016-02-11,0.3938275,0.362933859
2016-02-12,0.42303102,0.390924018
2016-02-13,0.450602832,0.418013337
2016-02-14,0.477280948,0.44512981
2016-02-15,0.502833262,0.470464006
2016-02-16,0.527879916,0.494855251
2016-02-17,0.551724434,0.517570254
2016-02-18,0.574761699,0.538808807
2016-02-19,0.596155106,0.558390079
2016-02-20,0.614082662,0.576158939
2016-02-21,0.628098471,0.591945448
2016-02-22,0.639451394,0.605340778
2016-02-23,0.647605162,0.616256261
2016-02-24,0.652199001,0.624795612
2016-02-25,0.652461721,0.630424623
2016-02-26,0.648380111,0.63273722
2016-02-27,0.640821107,0.631188325
2016-02-28,0.631178498,0.626070295
2016-02-29,0.619987278,0.6173017
2016-03-01,0.607064263,0.604988406
2016-03-02,0.591725261,0.589176839
2016-03-03,0.573690973,0.569805351
2016-03-04,0.552235427,0.548058202
2016-03-05,0.526612901,0.523947424
2016-03-06,0.497079059,0.497584964
2016-03-07,0.467150034,0.469225933
2016-03-08,0.430486438,0.438739766
2016-03-09,0.395579728,0.406125425
2016-03-10,0.355404635,0.371387993
2016-03-11,0.317174867,0.33517689
2016-03-12,0.276515074,0.297254421
2016-03-13,0.234591197,0.257188311
2016-03-14,0.190888925,0.215450218
2016-03-15,0.145548879,0.172002023
2016-03-16,0.099361617,0.127300717
2016-03-17,0.051468198,0.081393254
2016-03-18,0.002661167,0.035018273
2016-03-19,-0.047096307,-0.011959216
2016-03-20,-0.096477049,-0.059446099
2016-03-21,-0.144736891,-0.107025918
2016-03-22,-0.191430254,-0.153880082
2016-03-23,-0.237137181,-0.199632799
2016-03-24,-0.280690885,-0.244108338
2016-03-25,-0.322818862,-0.28656831
2016-03-26,-0.363076514,-0.327039089
2016-03-27,-0.40132683,-0.365756408
2016-03-28,-0.438250136,-0.402358982
2016-03-29,-0.473822505,-0.436466098
2016-03-30,-0.506741765,-0.467920873
2016-03-31,-0.536950443,-0.496761695
2016-04-01,-0.564049089,-0.522913839
2016-04-02,-0.586894563,-0.546643836
2016-04-03,-0.605881413,-0.567221756
2016-04-04,-0.620065897,-0.584429445
2016-04-05,-0.629383572,-0.597903149
2016-04-06,-0.635997927,-0.607723207
2016-04-07,-0.637715243,-0.613320156
2016-04-08,-0.635633724,-0.614824945
2016-04-09,-0.629815724,-0.612030168
2016-04-10,-0.620280391,-0.605160409
2016-04-11,-0.605799689,-0.594629744
2016-04-12,-0.587619662,-0.579981957
2016-04-13,-0.565021721,-0.561631932
2016-04-14,-0.538457788,-0.540029841
2016-04-15,-0.508485222,-0.513799557
2016-04-16,-0.475532537,-0.484691176
2016-04-17,-0.439164,-0.451869057
2016-04-18,-0.400109367,-0.416156773
2016-04-19,-0.359298296,-0.377578712
2016-04-20,-0.314667452,-0.336513679
2016-04-21,-0.268311245,-0.293489271
2016-04-22,-0.221169793,-0.248886213
2016-04-23,-0.168069167,-0.203157875
2016-04-24,-0.112343896,-0.155984549
2016-04-25,-0.065818546,-0.108082804
2016-04-26,-0.015154018,-0.060278295
2016-04-27,0.032908348,-0.010982867
2016-04-28,0.084569306,0.037817552
2016-04-29,0.135420897,0.086079345
2016-04-30,0.181340972,0.132691931
2016-05-01,0.226383305,0.178577983
2016-05-02,0.271240827,0.222712261
2016-05-03,0.315946248,0.265114896
2016-05-04,0.355731038,0.305874816
2016-05-05,0.391075987,0.345365278
2016-05-06,0.426467802,0.383290614
2016-05-07,0.462245923,0.418838225
2016-05-08,0.495537223,0.451749355
2016-05-09,0.525017568,0.481610704
2016-05-10,0.551995241,0.508895587
2016-05-11,0.576775847,0.533022096
2016-05-12,0.597345689,0.554703948
2016-05-13,0.614714431,0.573410738
2016-05-14,0.627850276,0.589517169
2016-05-15,0.636164964,0.602771542
2016-05-16,0.639948369,0.612696897
2016-05-17,0.641762504,0.620710103
2016-05-18,0.6403317,0.625623358
2016-05-19,0.63551192,0.627095204
2016-05-20,0.627859212,0.624917275
2016-05-21,0.619062002,0.619102591
2016-05-22,0.609278445,0.610204656
2016-05-23,0.59912889,0.598037496
2016-05-24,0.58620022,0.583103873
2016-05-25,0.570042257,0.565644009
2016-05-26,0.548802416,0.54625272
2016-05-27,0.524256833,0.524904677
2016-05-28,0.496792119,0.501785368
2016-05-29,0.467007317,0.477097145
2016-05-30,0.436029903,0.450845184
2016-05-31,0.403758948,0.423360823
2016-06-01,0.37195577,0.394153331
2016-06-02,0.340675969,0.363614005
2016-06-03,0.309341552,0.332052962
2016-06-04,0.277394571,0.300085411
2016-06-05,0.244827139,0.267843582
2016-06-06,0.211981479,0.235737227
2016-06-07,0.179199408,0.203589986
2016-06-08,0.146109002,0.171601729
2016-06-09,0.113112954,0.140007435
2016-06-10,0.081078886,0.109376247
2016-06-11,0.049891223,0.080114422
2016-06-12,0.020574124,0.052194907
2016-06-13,-0.007035682,0.02563455
2016-06-14,-0.031156054,0.000821011
2016-06-15,-0.052735772,-0.021815572
2016-06-16,-0.071946479,-0.041737242
2016-06-17,-0.088882344,-0.059194252
2016-06-18,-0.102605719,-0.073961657
2016-06-19,-0.113222193,-0.086056508
2016-06-20,-0.120602803,-0.095807228
2016-06-21,-0.125259563,-0.103021124
2016-06-22,-0.128039165,-0.107230824
2016-06-23,-0.127263361,-0.108474791
2016-06-24,-0.122886389,-0.106694992
2016-06-25,-0.114416192,-0.101865124
2016-06-26,-0.103046021,-0.094644468
2016-06-27,-0.0882923,-0.084327034
2016-06-28,-0.071166161,-0.071479398
2016-06-29,-0.051776964,-0.0556234
2016-06-30,-0.029056529,-0.037056107
2016-07-01,-0.004473227,-0.016205466
2016-07-02,0.022318795,0.006241571
2016-07-03,0.05202668,0.030817865
2016-07-04,0.082187533,0.056542049
2016-07-05,0.112219143,0.083137685
2016-07-06,0.14639138,0.110540937
2016-07-07,0.173504909,0.138673744
2016-07-08,0.203470045,0.166244375
2016-07-09,0.231161561,0.194605746
2016-07-10,0.26044395,0.222109245
2016-07-11,0.288058414,0.249514024
2016-07-12,0.313329207,0.275452914
2016-07-13,0.33763059,0.300827999
2016-07-14,0.360955759,0.32430019
2016-07-15,0.382567193,0.346055379
2016-07-16,0.40196691,0.366194349
2016-07-17,0.418809774,0.383732566
2016-07-18,0.433306813,0.398935147
2016-07-19,0.44491009,0.411654539
2016-07-20,0.453153307,0.421256471
2016-07-21,0.458126949,0.428077948
2016-07-22,0.458790407,0.431944548
2016-07-23,0.455900231,0.432930877
2016-07-24,0.449364239,0.430524415
2016-07-25,0.439490624,0.424753686
2016-07-26,0.425507168,0.415542789
2016-07-27,0.409397264,0.403275086
2016-07-28,0.391606605,0.387755296
2016-07-29,0.369681732,0.369408079
2016-07-30,0.348908318,0.348037512
2016-07-31,0.319797553,0.324069764
2016-08-01,0.293489209,0.297513025
2016-08-02,0.262189045,0.26887129
2016-08-03,0.230524791,0.237316178
2016-08-04,0.195142693,0.204030198
2016-08-05,0.15783987,0.168868089
2016-08-06,0.119399313,0.132217122
2016-08-07,0.078904942,0.094299997
2016-08-08,0.036436924,0.0550473
2016-08-09,-0.007915376,0.015183109
2016-08-10,-0.053017591,-0.02581131
2016-08-11,-0.097695762,-0.067384886
2016-08-12,-0.142404206,-0.109515501
2016-08-13,-0.187284389,-0.152999974
2016-08-14,-0.232481477,-0.19746619
2016-08-15,-0.277405924,-0.242227863
2016-08-16,-0.322901094,-0.286854769
2016-08-17,-0.367479921,-0.330928438
2016-08-18,-0.410526944,-0.373620128
2016-08-19,-0.452328868,-0.414876716
2016-08-20,-0.491315316,-0.454127174
2016-08-21,-0.527559011,-0.491059711
2016-08-22,-0.5615008,-0.525425135
2016-08-23,-0.592349418,-0.55685198
2016-08-24,-0.620251605,-0.585140814
2016-08-25,-0.644829161,-0.610301531
2016-08-26,-0.666137296,-0.632089562
2016-08-27,-0.68371629,-0.65052874
2016-08-28,-0.697913532,-0.665677561
2016-08-29,-0.708372555,-0.677418394
2016-08-30,-0.715172377,-0.685849684
2016-08-31,-0.718608276,-0.690842913
2016-09-01,-0.716905251,-0.691936201
2016-09-02,-0.71116391,-0.68960775
2016-09-03,-0.700551265,-0.683151338
2016-09-04,-0.685090567,-0.673009085
2016-09-05,-0.665698175,-0.65931802
2016-09-06,-0.643162964,-0.641180915
2016-09-07,-0.61661846,-0.619625625
2016-09-08,-0.586924783,-0.593673867
2016-09-09,-0.553002308,-0.564558341
2016-09-10,-0.516021809,-0.530842036
2016-09-11,-0.476311564,-0.494928702
2016-09-12,-0.43410301,-0.456210324
2016-09-13,-0.389691885,-0.414631443
2016-09-14,-0.341150966,-0.371044175
2016-09-15,-0.295979829,-0.326603596
2016-09-16,-0.238262389,-0.280469579
2016-09-17,-0.184491132,-0.233027754
2016-09-18,-0.13766075,-0.185217465
2016-09-19,-0.086758595,-0.135790197
2016-09-20,-0.038401517,-0.086371381
2016-09-21,0.013923555,-0.03486592
2016-09-22,0.067201355,0.016076991
2016-09-23,0.115224209,0.066108672
2016-09-24,0.165030854,0.115141758
2016-09-25,0.21421097,0.162744528
2016-09-26,0.263558117,0.208248886
2016-09-27,0.308938951,0.252257977
2016-09-28,0.348503819,0.294933761
2016-09-29,0.385164981,0.335287008
2016-09-30,0.421972412,0.373119595
2016-10-01,0.455151961,0.407961937
2016-10-02,0.485330442,0.439597944
2016-10-03,0.512213467,0.468143746
2016-10-04,0.537716538,0.494471902
2016-10-05,0.560627455,0.516841561
2016-10-06,0.579267867,0.535491449
2016-10-07,0.595182233,0.551747959
2016-10-08,0.607455393,0.564408899
2016-10-09,0.615309875,0.574789163
2016-10-10,0.617662227,0.583150188
2016-10-11,0.619201304,0.588619253
2016-10-12,0.617509182,0.591878389
2016-10-13,0.613131948,0.591875473
2016-10-14,0.604993649,0.588318357
2016-10-15,0.595664759,0.581466273
2016-10-16,0.583515394,0.571553076
2016-10-17,0.570630953,0.558542463
2016-10-18,0.554617777,0.542741987
2016-10-19,0.534641674,0.524590958
2016-10-20,0.51036225,0.504385996
2016-10-21,0.484011017,0.481983812
2016-10-22,0.45471838,0.457916223
2016-10-23,0.422804792,0.431930607
2016-10-24,0.395174457,0.40457102
2016-10-25,0.357785669,0.375077469
2016-10-26,0.32982927,0.344548293
2016-10-27,0.297109442,0.312865619
2016-10-28,0.26537504,0.280713411
2016-10-29,0.231948907,0.2481853
2016-10-30,0.198119486,0.215707164
2016-10-31,0.16499225,0.183732384
2016-11-01,0.131303215,0.151845018
2016-11-02,0.097710093,0.120459039
2016-11-03,0.065586005,0.08959878
2016-11-04,0.035866997,0.059844248
2016-11-05,0.007335838,0.032038375
2016-11-06,-0.019082234,0.005840495
2016-11-07,-0.042680101,-0.01859255
2016-11-08,-0.063530463,-0.040828059
2016-11-09,-0.080415459,-0.060505616
2016-11-10,-0.096281473,-0.077723049
2016-11-11,-0.110250083,-0.092556661
2016-11-12,-0.121578776,-0.105018077
2016-11-13,-0.13065421,-0.115373416
2016-11-14,-0.136836819,-0.123941144
2016-11-15,-0.141207516,-0.130542514
2016-11-16,-0.143763506,-0.135037895
2016-11-17,-0.143782175,-0.137306801
2016-11-18,-0.141767265,-0.136916714
2016-11-19,-0.134907288,-0.133988445
2016-11-20,-0.12615262,-0.128733288
2016-11-21,-0.113320907,-0.12013355
2016-11-22,-0.097998523,-0.109318182
2016-11-23,-0.079982689,-0.095581239
2016-11-24,-0.059793985,-0.079313205
2016-11-25,-0.037800396,-0.06071889
2016-11-26,-0.015058001,-0.040741254
2016-11-27,0.008658698,-0.019436408
2016-11-28,0.032596774,0.003139359
2016-11-29,0.057252595,0.025919384
2016-11-30,0.080724037,0.048939979
2016-12-01,0.104532155,0.072287954
2016-12-02,0.129516736,0.094925543
2016-12-03,0.150202253,0.116750402
2016-12-04,0.17292639,0.138172929
2016-12-05,0.192859997,0.158693746
2016-12-06,0.213945783,0.178176397
2016-12-07,0.232753444,0.196679905
2016-12-08,0.249471281,0.213897113
2016-12-09,0.265191478,0.22951672
2016-12-10,0.27839608,0.243264934
2016-12-11,0.290589156,0.255547243
2016-12-12,0.300584046,0.265833091
2016-12-13,0.307346258,0.274549704
2016-12-14,0.311369681,0.280894611
2016-12-15,0.312568208,0.285366966
2016-12-16,0.31142639,0.287189505
2016-12-17,0.307404293,0.286306418
2016-12-18,0.299923236,0.282624947
2016-12-19,0.289694756,0.276225148
2016-12-20,0.277773488,0.266744562
2016-12-21,0.263920419,0.254271501
2016-12-22,0.248316245,0.239237771
2016-12-23,0.230453184,0.22189232
2016-12-24,0.209988593,0.202847319
2016-12-25,0.188485208,0.182278818
2016-12-26,0.165134734,0.159793986
2016-12-27,0.141144602,0.136049477
2016-12-28,0.115191127,0.111310444
2016-12-29,0.088251481,0.085511836
2016-12-30,0.06037036,0.059103877
2016-12-31,0.031201025,0.032277867
2017-01-01,0.000658814,0.004680084
2017-01-02,-0.031327063,-0.023491506
2017-01-03,-0.063912876,-0.052242067
2017-01-04,-0.096962363,-0.081519577
2017-01-05,-0.130056825,-0.111679217
2017-01-06,-0.162848669,-0.142696074
2017-01-07,-0.19456311,-0.173939304
2017-01-08,-0.225378884,-0.205214457
2017-01-09,-0.255158351,-0.235898471
2017-01-10,-0.284560742,-0.265518759
2017-01-11,-0.313408414,-0.294076442
2017-01-12,-0.340854022,-0.321332065
2017-01-13,-0.367971564,-0.347292504
2017-01-14,-0.393928193,-0.372204229
2017-01-15,-0.418961319,-0.395742343
2017-01-16,-0.442347652,-0.417746839
2017-01-17,-0.464120266,-0.437886278
2017-01-18,-0.482218748,-0.455957041
2017-01-19,-0.497535282,-0.471830676
2017-01-20,-0.510057848,-0.48528456
2017-01-21,-0.519146868,-0.496207177
2017-01-22,-0.525064029,-0.504255148
2017-01-23,-0.527921679,-0.509437419
2017-01-24,-0.527627642,-0.511661302
2017-01-25,-0.523664916,-0.511163822
2017-01-26,-0.516738226,-0.507495635
2017-01-27,-0.506895755,-0.501071612
2017-01-28,-0.494237877,-0.491430146
2017-01-29,-0.479421524,-0.478718748
2017-01-30,-0.462327596,-0.462764116
2017-01-31,-0.441470804,-0.443530953
2017-02-01,-0.417999643,-0.421287961
2017-02-02,-0.391957799,-0.396342115
2017-02-03,-0.36231096,-0.369275844
2017-02-04,-0.329304941,-0.339876814
2017-02-05,-0.293596026,-0.308157177
2017-02-06,-0.255257616,-0.274967573
2017-02-07,-0.21631652,-0.240078229
2017-02-08,-0.177164424,-0.204138925
2017-02-09,-0.138059284,-0.167474895
2017-02-10,-0.098552428,-0.129975259
2017-02-11,-0.058873084,-0.091733065
2017-02-12,-0.019103012,-0.05317121
2017-02-13,0.020752135,-0.015706812
2017-02-14,0.055932948,0.022003202
2017-02-15,0.099933693,0.058323962
2017-02-16,0.133909006,0.094320086
2017-02-17,0.172701588,0.129998797
2017-02-18,0.207234837,0.165045907
2017-02-19,0.241579603,0.199889733
2017-02-20,0.274139907,0.233819514
2017-02-21,0.304530011,0.266704704
2017-02-22,0.335313808,0.297974778
2017-02-23,0.363429789,0.327621183
2017-02-24,0.390583755,0.355909133
2017-02-25,0.414518236,0.382086616
2017-02-26,0.437504515,0.406089616
2017-02-27,0.458860301,0.427472417
2017-02-28,0.477064248,0.44626251
2017-03-01,0.492095654,0.462400715
2017-03-02,0.502521658,0.475447392
2017-03-03,0.509675167,0.485955762
2017-03-04,0.513467499,0.493608753
2017-03-05,0.514978468,0.49835481
2017-03-06,0.513406241,0.500283213
2017-03-07,0.508663511,0.499213185
2017-03-08,0.504337174,0.496005421
2017-03-09,0.500093834,0.490803439
2017-03-10,0.494576767,0.484137513
2017-03-11,0.487472885,0.475922744
2017-03-12,0.478855915,0.466169685
2017-03-13,0.467828784,0.455405721
2017-03-14,0.454889797,0.443479294
2017-03-15,0.439254462,0.430233439
2017-03-16,0.421405417,0.415572793
2017-03-17,0.400766162,0.3993117
2017-03-18,0.378150124,0.38145407
2017-03-19,0.35438568,0.361882123
2017-03-20,0.327972936,0.340828055
2017-03-21,0.301601361,0.318065908
2017-03-22,0.273694065,0.293678419
2017-03-23,0.2451404,0.26757803
2017-03-24,0.215950193,0.239963918
2017-03-25,0.186525576,0.21072433
2017-03-26,0.156889946,0.180809665
2017-03-27,0.126632862,0.150314888
2017-03-28,0.095806438,0.119613436
2017-03-29,0.065288821,0.088943375
2017-03-30,0.035113749,0.059128768
2017-03-31,0.00576619,0.030093552
2017-04-01,-0.022214127,0.002492244
2017-04-02,-0.048774129,-0.023450238
2017-04-03,-0.073412498,-0.047858693
2017-04-04,-0.096119341,-0.070914688
2017-04-05,-0.117199472,-0.092396351
2017-04-06,-0.136938042,-0.111989055
2017-04-07,-0.155503123,-0.129837112
2017-04-08,-0.172317793,-0.146196043
2017-04-09,-0.187161705,-0.1610184
2017-04-10,-0.199679971,-0.17452612
2017-04-11,-0.210031144,-0.186852753
2017-04-12,-0.218272944,-0.197463133
2017-04-13,-0.224555852,-0.20626286
2017-04-14,-0.22837549,-0.212876452
2017-04-15,-0.229267122,-0.217223679
2017-04-16,-0.227376288,-0.219101701
2017-04-17,-0.223201996,-0.218682935
2017-04-18,-0.218436375,-0.216270659
2017-04-19,-0.211955824,-0.211800232
2017-04-20,-0.204716506,-0.20593344
2017-04-21,-0.196468956,-0.198390579
2017-04-22,-0.185860294,-0.18990049
2017-04-23,-0.175113393,-0.18028335
2017-04-24,-0.162844239,-0.169988964
2017-04-25,-0.150066183,-0.159294083
2017-04-26,-0.136245689,-0.147802309
2017-04-27,-0.121539343,-0.135811007
2017-04-28,-0.107659611,-0.123996699
2017-04-29,-0.093904382,-0.112013481
2017-04-30,-0.080773831,-0.099860981
2017-05-01,-0.0683762,-0.087846468
2017-05-02,-0.056388291,-0.076249065
2017-05-03,-0.045529077,-0.064458817
2017-05-04,-0.035187084,-0.053243734
2017-05-05,-0.025696941,-0.04274887
2017-05-06,-0.017214838,-0.032705662
2017-05-07,-0.006374876,-0.023209169
2017-05-08,-0.00053045,-0.014885004
2017-05-09,0.007128072,-0.007635308
2017-05-10,0.011107952,-0.001698386
2017-05-11,0.015197828,0.002545626
2017-05-12,0.017122704,0.004793456
2017-05-13,0.015029829,0.004974876
2017-05-14,0.010845718,0.002939113
2017-05-15,0.003188439,-0.001359494
2017-05-16,-0.005012096,-0.007656984
2017-05-17,-0.01486565,-0.016053229
2017-05-18,-0.025484892,-0.025994241
2017-05-19,-0.036818574,-0.037196059
2017-05-20,-0.048081426,-0.049418697
2017-05-21,-0.059429105,-0.062184071
2017-05-22,-0.071215307,-0.075328147
2017-05-23,-0.083956215,-0.088757167
2017-05-24,-0.097666796,-0.102296736
2017-05-25,-0.112740777,-0.116193081
2017-05-26,-0.12911041,-0.130552472
2017-05-27,-0.146647803,-0.145362288
2017-05-28,-0.165903537,-0.160787523
2017-05-29,-0.186144723,-0.177019486
2017-05-30,-0.206841358,-0.194098128
2017-05-31,-0.227511419,-0.211952717
2017-06-01,-0.247931422,-0.230407183
2017-06-02,-0.267909864,-0.249366595
2017-06-03,-0.287671973,-0.268546272
2017-06-04,-0.306808147,-0.287766058
2017-06-05,-0.325066238,-0.306820525
2017-06-06,-0.342827693,-0.325493536
2017-06-07,-0.359963019,-0.343418315
2017-06-08,-0.376331233,-0.360342589
2017-06-09,-0.391885166,-0.376039408
2017-06-10,-0.405685314,-0.390273535
2017-06-11,-0.417832296,-0.402787716
2017-06-12,-0.427927652,-0.413578955
2017-06-13,-0.436375712,-0.422534968
2017-06-14,-0.442158363,-0.429518667
2017-06-15,-0.446893593,-0.434729684
2017-06-16,-0.449212026,-0.438085796
2017-06-17,-0.450176434,-0.439516889
2017-06-18,-0.449518037,-0.439116312
2017-06-19,-0.44683614,-0.436876602
2017-06-20,-0.442153886,-0.43326764
2017-06-21,-0.435045487,-0.427505143
2017-06-22,-0.425482639,-0.420073886
2017-06-23,-0.413301567,-0.410609125
2017-06-24,-0.398846612,-0.399074262
2017-06-25,-0.382376779,-0.385357771
2017-06-26,-0.363785641,-0.370203806
2017-06-27,-0.343491112,-0.352442928
2017-06-28,-0.321163152,-0.333004815
2017-06-29,-0.297353301,-0.311839951
2017-06-30,-0.27229889,-0.289005906
2017-07-01,-0.246292375,-0.264555425
2017-07-02,-0.219038977,-0.238790851
2017-07-03,-0.189951952,-0.21147681
2017-07-04,-0.162924945,-0.183363833
2017-07-05,-0.129748771,-0.153418912
2017-07-06,-0.096139735,-0.122996047
2017-07-07,-0.066298692,-0.091998538
2017-07-08,-0.032339741,-0.061031987
2017-07-09,-0.000457702,-0.030047292
2017-07-10,0.033180451,0.00084194
2017-07-11,0.065431363,0.031514544
2017-07-12,0.094405609,0.061740863
2017-07-13,0.123626058,0.091240399
2017-07-14,0.152201585,0.120364278
2017-07-15,0.181198233,0.148816671
2017-07-16,0.207972296,0.176291584
2017-07-17,0.233187355,0.202835851
2017-07-18,0.25752025,0.228611833
2017-07-19,0.281788685,0.25303548
2017-07-20,0.305244155,0.275979605
2017-07-21,0.326561197,0.297262066
2017-07-22,0.346447195,0.316924498
2017-07-23,0.364054752,0.335104107
2017-07-24,0.379646712,0.351472639
2017-07-25,0.392669379,0.366062322
2017-07-26,0.403379865,0.378713534
2017-07-27,0.412684177,0.38936367
2017-07-28,0.419612258,0.397783321
2017-07-29,0.424844058,0.404219171
2017-07-30,0.428080406,0.408853599
2017-07-31,0.429438801,0.411783691
2017-08-01,0.428983023,0.413001961
2017-08-02,0.42724511,0.412470125
2017-08-03,0.423481734,0.410343241
2017-08-04,0.41765525,0.406617723
2017-08-05,0.410404999,0.401333006
2017-08-06,0.402431323,0.394602447
2017-08-07,0.392605221,0.386381226
2017-08-08,0.380342351,0.376686856
2017-08-09,0.366555793,0.365421516
2017-08-10,0.351278294,0.352792766
2017-08-11,0.335062234,0.339032406
2017-08-12,0.317077688,0.323779924
2017-08-13,0.298043648,0.307237846
2017-08-14,0.278654706,0.28945184
2017-08-15,0.258553632,0.270369619
2017-08-16,0.237703614,0.250096857
2017-08-17,0.215889856,0.228836446
2017-08-18,0.193397187,0.206662217
2017-08-19,0.170866832,0.183960122
2017-08-20,0.147595269,0.160742003
2017-08-21,0.12401322,0.13743257
2017-08-22,0.100385391,0.114163027
2017-08-23,0.077115204,0.091082819
2017-08-24,0.054889011,0.068377326
2017-08-25,0.033277216,0.046104709
2017-08-26,0.01202139,0.024459596
2017-08-27,-0.008870805,0.003541996
2017-08-28,-0.028912981,-0.016330025
2017-08-29,-0.048349502,-0.034874939
2017-08-30,-0.067337062,-0.052511403
2017-08-31,-0.085541122,-0.069491768
2017-09-01,-0.103074277,-0.085713677
2017-09-02,-0.11939594,-0.101448986
2017-09-03,-0.134894302,-0.11659651
2017-09-04,-0.149755738,-0.131185931
2017-09-05,-0.163048464,-0.14516948
2017-09-06,-0.175197956,-0.158413178
2017-09-07,-0.185999719,-0.170857153
2017-09-08,-0.195511405,-0.182128581
2017-09-09,-0.204081494,-0.192023765
2017-09-10,-0.211382133,-0.200018554
2017-09-11,-0.217030874,-0.20627279
2017-09-12,-0.220665227,-0.210740447
2017-09-13,-0.221875707,-0.213270717
2017-09-14,-0.22115233,-0.214049044
2017-09-15,-0.218661847,-0.213076892
2017-09-16,-0.214606361,-0.210474606
2017-09-17,-0.208880581,-0.206295061
2017-09-18,-0.202031204,-0.200761669
2017-09-19,-0.194140928,-0.194481334
2017-09-20,-0.185866808,-0.187673348
2017-09-21,-0.177546903,-0.180560021
2017-09-22,-0.168693506,-0.17310231
2017-09-23,-0.160163662,-0.165554277
2017-09-24,-0.151208196,-0.158202545
2017-09-25,-0.14242457,-0.150587106
2017-09-26,-0.133300484,-0.142949854
2017-09-27,-0.123642828,-0.134985213
2017-09-28,-0.113836828,-0.126553565
2017-09-29,-0.103351808,-0.117674284
2017-09-30,-0.092468444,-0.107897234
2017-10-01,-0.080905628,-0.097587912
2017-10-02,-0.071708938,-0.087038427
2017-10-03,-0.059713799,-0.076360311
2017-10-04,-0.048615256,-0.066025441
2017-10-05,-0.040327061,-0.056224512
2017-10-06,-0.032228044,-0.047426451
2017-10-07,-0.026989607,-0.039803735
2017-10-08,-0.022166256,-0.033167078
2017-10-09,-0.018282074,-0.02776071
2017-10-10,-0.016086545,-0.023638504
2017-10-11,-0.014347226,-0.020226812
2017-10-12,-0.013144735,-0.017650417
2017-10-13,-0.011320015,-0.015531599
2017-10-14,-0.00924944,-0.013703115
2017-10-15,-0.006442975,-0.011866677
2017-10-16,-0.003415076,-0.009939511
2017-10-17,-0.000453147,-0.007655071
2017-10-18,0.002468777,-0.005189404
2017-10-19,0.004411273,-0.002772711
2017-10-20,0.005796409,-8.97E-05
2017-10-21,0.005923906,0.002115878
2017-10-22,0.005241111,0.003612944
2017-10-23,0.003998405,0.004152838
2017-10-24,0.001683054,0.003932519
2017-10-25,-0.001525209,0.002167649
2017-10-26,-0.005391874,-0.000390088
2017-10-27,-0.009350297,-0.003805556
2017-10-28,-0.01249778,-0.008076413
2017-10-29,-0.015305115,-0.012861843
2017-10-30,-0.017723272,-0.017797896
2017-10-31,-0.019573251,-0.022309125
2017-11-01,-0.021272712,-0.025942324
2017-11-02,-0.021958505,-0.028181674
2017-11-03,-0.021957355,-0.028687245
2017-11-04,-0.021125252,-0.027286833
2017-11-05,-0.019368806,-0.023881759
2017-11-06,-0.016696936,-0.019149223
2017-11-07,-0.013210456,-0.013304179
2017-11-08,-0.009054783,-0.006983465
2017-11-09,-0.004938402,-0.000432998
2017-11-10,-0.000577348,0.006031842
2017-11-11,0.004124264,0.012646213
2017-11-12,0.009836127,0.019008705
2017-11-13,0.016442564,0.025970301
2017-11-14,0.02441809,0.033517507
2017-11-15,0.034327626,0.041718955
2017-11-16,0.045955928,0.050731217
2017-11-17,0.059301232,0.061084686
2017-11-18,0.074237968,0.072827133
2017-11-19,0.090823986,0.08620307
2017-11-20,0.108947327,0.101439331
2017-11-21,0.127825224,0.118520161
2017-11-22,0.147158651,0.137204875
2017-11-23,0.166558669,0.157185854
2017-11-24,0.186565344,0.178266283
2017-11-25,0.207344747,0.200318002
2017-11-26,0.229236854,0.222433076
2017-11-27,0.251662136,0.244487761
2017-11-28,0.275377677,0.266407064
2017-11-29,0.299648361,0.288385105
2017-11-30,0.324501804,0.310602639
2017-12-01,0.349016564,0.332939496
2017-12-02,0.372973304,0.35578132
2017-12-03,0.396602902,0.378644306
2017-12-04,0.419901112,0.401595327
2017-12-05,0.442407529,0.424134049
2017-12-06,0.464586246,0.446075441
2017-12-07,0.486147386,0.467353581
2017-12-08,0.504384603,0.488082216
2017-12-09,0.522534415,0.507789879
2017-12-10,0.539489977,0.526787358
2017-12-11,0.556251828,0.544726153
2017-12-12,0.570638115,0.56179192
2017-12-13,0.584402733,0.57761176
2017-12-14,0.597072718,0.591898193
2017-12-15,0.609056747,0.604849297
2017-12-16,0.619816953,0.616388381
2017-12-17,0.628756654,0.626632056
2017-12-18,0.635306649,0.63559692
2017-12-19,0.641064393,0.643874269
2017-12-20,0.646607228,0.651714656
2017-12-21,0.652566351,0.659035562
2017-12-22,0.658768709,0.665958755
2017-12-23,0.664699813,0.671920065
2017-12-24,0.669109776,0.67644964
2017-12-25,0.671352527,0.679445014
2017-12-26,0.67039162,0.680176136
2017-12-27,0.666436707,0.679214725
2017-12-28,0.659237326,0.676643152
2017-12-29,0.650677947,0.672258792
2017-12-30,0.641254165,0.666574098
2017-12-31,0.632090004,0.659440432
2018-01-01,0.623316665,0.650894152
2018-01-02,0.614884903,0.640730422
2018-01-03,0.605635707,0.628687721
2018-01-04,0.594801714,0.61485675
2018-01-05,0.581624141,0.599265308
2018-01-06,0.566024262,0.583630574
2018-01-07,0.547713396,0.566080364
2018-01-08,0.526949091,0.547082601
2018-01-09,0.504049203,0.527023484
2018-01-10,0.480355839,0.506494806
2018-01-11,0.456579783,0.484755711
2018-01-12,0.432559878,0.462613156
2018-01-13,0.407980272,0.439077677
2018-01-14,0.383439113,0.414701862
2018-01-15,0.358518058,0.390506169
2018-01-16,0.333947282,0.366156328
2018-01-17,0.307950528,0.341349813
2018-01-18,0.28085021,0.316430274
2018-01-19,0.252896857,0.291320571
2018-01-20,0.225935455,0.266021578
2018-01-21,0.201196252,0.240957593
2018-01-22,0.17810875,0.216315417
2018-01-23,0.155763423,0.191959725
2018-01-24,0.133912604,0.167695272
2018-01-25,0.111682836,0.14315891
2018-01-26,0.089562445,0.119103121
2018-01-27,0.067017048,0.095377736
2018-01-28,0.044944787,0.072086464
2018-01-29,0.022986853,0.049720892
2018-01-30,0.002723477,0.028829728
2018-01-31,-0.015574626,0.009599514
2018-02-01,-0.031404427,-0.008497103
2018-02-02,-0.044144627,-0.024293097
2018-02-03,-0.05485986,-0.038874845
2018-02-04,-0.063369361,-0.051721649
2018-02-05,-0.07051076,-0.062971675
2018-02-06,-0.076820233,-0.072925545
2018-02-07,-0.082916738,-0.081993013
2018-02-08,-0.088770914,-0.08941175
2018-02-09,-0.095015039,-0.096165445
2018-02-10,-0.101150609,-0.101399617
2018-02-11,-0.107015258,-0.105936101
2018-02-12,-0.11242717,-0.110285888
2018-02-13,-0.11687618,-0.114176992
2018-02-14,-0.120855938,-0.117904414
2018-02-15,-0.124297466,-0.122332769
2018-02-16,-0.127394622,-0.12683622
2018-02-17,-0.130592097,-0.13116576
2018-02-18,-0.133423274,-0.13538969
2018-02-19,-0.135980249,-0.13865414
2018-02-20,-0.138382948,-0.140925267
2018-02-21,-0.139630962,-0.141879907
2018-02-22,-0.140091784,-0.141690112
2018-02-23,-0.138985049,-0.140828894
2018-02-24,-0.136746203,-0.139288692
2018-02-25,-0.134663472,-0.137801453
2018-02-26,-0.132655074,-0.136049943
2018-02-27,-0.131738402,-0.134703701
2018-02-28,-0.13204485,-0.133817446
2018-03-01,-0.133307086,-0.133431333
2018-03-02,-0.135959968,-0.134145044
2018-03-03,-0.139170129,-0.136105596
2018-03-04,-0.142491948,-0.139067772
2018-03-05,-0.145867365,-0.142746665
2018-03-06,-0.148267374,-0.146797117
2018-03-07,-0.150542691,-0.150939071
2018-03-08,-0.152600413,-0.154759766
2018-03-09,-0.153842193,-0.158144796
2018-03-10,-0.154831962,-0.160887235
2018-03-11,-0.155032522,-0.162960067
2018-03-12,-0.154932979,-0.164333573
2018-03-13,-0.155143503,-0.164778211
2018-03-14,-0.155385593,-0.164630308
2018-03-15,-0.155793267,-0.164402019
2018-03-16,-0.156198638,-0.164078984
2018-03-17,-0.156709618,-0.163858573
2018-03-18,-0.157861347,-0.164077754
2018-03-19,-0.160112145,-0.164867252
2018-03-20,-0.163122154,-0.166196889
2018-03-21,-0.166755588,-0.168081698
2018-03-22,-0.170670127,-0.17048492
2018-03-23,-0.174351156,-0.173176683
2018-03-24,-0.177319583,-0.175772583
2018-03-25,-0.179216386,-0.177852637
2018-03-26,-0.179732324,-0.1791857
2018-03-27,-0.179394521,-0.17950484
2018-03-28,-0.177777119,-0.178766055
2018-03-29,-0.175083529,-0.17707357
2018-03-30,-0.171350973,-0.174230146
2018-03-31,-0.166670733,-0.170426995
2018-04-01,-0.162318751,-0.165721344
2018-04-02,-0.158248248,-0.160313291
2018-04-03,-0.154699063,-0.154418445
2018-04-04,-0.151441514,-0.148377623
2018-04-05,-0.147757796,-0.142322718
2018-04-06,-0.143389568,-0.136140144
2018-04-07,-0.138293827,-0.12997703
2018-04-08,-0.131954787,-0.123361952
2018-04-09,-0.124224086,-0.11614063
2018-04-10,-0.114092788,-0.1075687
2018-04-11,-0.101371382,-0.097520108
2018-04-12,-0.08658935,-0.085606475
2018-04-13,-0.069461617,-0.071806213
2018-04-14,-0.051081478,-0.056021607
2018-04-15,-0.031772368,-0.03825035
2018-04-16,-0.012396146,-0.019158013
2018-04-17,0.006518896,0.00123675
2018-04-18,0.025615733,0.021726387
2018-04-19,0.044143255,0.042907095
2018-04-20,0.062680722,0.063241814
2018-04-21,0.080550017,0.083226952
2018-04-22,0.098014875,0.102535574
2018-04-23,0.115762767,0.120976446
2018-04-24,0.13419151,0.138736847
2018-04-25,0.153436592,0.155855332
2018-04-26,0.173727124,0.172321844
2018-04-27,0.19441421,0.188501697
2018-04-28,0.215283916,0.204812886
2018-04-29,0.235486573,0.221733887
2018-04-30,0.254854787,0.239177539
2018-05-01,0.272634426,0.256995425
2018-05-02,0.290484913,0.274519773
2018-05-03,0.306871535,0.291864677
2018-05-04,0.323085218,0.308919722
2018-05-05,0.337470712,0.325590822
2018-05-06,0.350839189,0.342049141
2018-05-07,0.363864057,0.357588714
2018-05-08,0.376309894,0.372032657
2018-05-09,0.387639661,0.384986788
2018-05-10,0.397664334,0.396636334
2018-05-11,0.406424125,0.406798796
2018-05-12,0.414053126,0.415550178
2018-05-13,0.420440555,0.423111315
2018-05-14,0.425480571,0.429531422
2018-05-15,0.429341185,0.435125201
2018-05-16,0.4327739,0.439497733
2018-05-17,0.435846234,0.443253343
2018-05-18,0.438878857,0.446226545
2018-05-19,0.441387299,0.448756822
2018-05-20,0.442447669,0.450723127
2018-05-21,0.442773726,0.45156183
2018-05-22,0.442678362,0.451397536
2018-05-23,0.441867966,0.450294984
2018-05-24,0.440011762,0.448239856
2018-05-25,0.43717725,0.445044951
2018-05-26,0.433493673,0.440917985
2018-05-27,0.429182672,0.435931371
2018-05-28,0.42435993,0.430081956
2018-05-29,0.419251195,0.423087447
2018-05-30,0.413480394,0.415592602
2018-05-31,0.406630223,0.407546638
2018-06-01,0.39922313,0.398974004
2018-06-02,0.390661316,0.389939573
2018-06-03,0.3806068,0.380630579
2018-06-04,0.369019123,0.370761942
2018-06-05,0.356814374,0.36015258
2018-06-06,0.343891175,0.348773488
2018-06-07,0.330360588,0.336479116
2018-06-08,0.31595182,0.323274139
2018-06-09,0.301437626,0.309125473
2018-06-10,0.284113654,0.294109241
2018-06-11,0.26716929,0.278286873
2018-06-12,0.248193995,0.261467573
2018-06-13,0.228963094,0.243694941
2018-06-14,0.208462798,0.225066546
2018-06-15,0.187063364,0.205559085
2018-06-16,0.16465315,0.185290101
2018-06-17,0.141058871,0.164066725
2018-06-18,0.117062776,0.142219494
2018-06-19,0.092585691,0.119769401
2018-06-20,0.067863055,0.09645342
2018-06-21,0.043104739,0.072180496
2018-06-22,0.018422549,0.04734641
2018-06-23,-0.00623668,0.02217293
2018-06-24,-0.031036269,-0.002754383
2018-06-25,-0.055652563,-0.02730411
2018-06-26,-0.079222027,-0.051238284
2018-06-27,-0.101849688,-0.074327657
2018-06-28,-0.12288167,-0.09658113
2018-06-29,-0.142647684,-0.11776574
2018-06-30,-0.161837994,-0.137734148
2018-07-01,-0.180003798,-0.156468324
2018-07-02,-0.197307112,-0.174224485
2018-07-03,-0.214212857,-0.191128137
2018-07-04,-0.230138551,-0.207223772
2018-07-05,-0.245809379,-0.22265927
2018-07-06,-0.261006761,-0.237352394
2018-07-07,-0.275592608,-0.251301401
2018-07-08,-0.289915131,-0.264699596
2018-07-09,-0.303471914,-0.277753119
2018-07-10,-0.316361927,-0.290366784
2018-07-11,-0.328277928,-0.302536985
2018-07-12,-0.338954181,-0.314406718
2018-07-13,-0.348088773,-0.325662333
2018-07-14,-0.356247085,-0.336149402
2018-07-15,-0.363714548,-0.345906507
2018-07-16,-0.369426452,-0.354591499
2018-07-17,-0.374825954,-0.362280877
2018-07-18,-0.379044445,-0.368848482
2018-07-19,-0.382227048,-0.374185551
2018-07-20,-0.385458616,-0.378552206
2018-07-21,-0.388758739,-0.382180051
2018-07-22,-0.391997999,-0.385225706
2018-07-23,-0.395708717,-0.38766854
2018-07-24,-0.39924795,-0.389582791
2018-07-25,-0.402131466,-0.391177316
2018-07-26,-0.404563373,-0.392306679
2018-07-27,-0.405810591,-0.392925046
2018-07-28,-0.40619479,-0.39273987
2018-07-29,-0.40475064,-0.391814963
2018-07-30,-0.401406208,-0.39027846
2018-07-31,-0.396400071,-0.387226905
2018-08-01,-0.389667907,-0.383156712
2018-08-02,-0.381533166,-0.37784165
2018-08-03,-0.372988892,-0.371335685
2018-08-04,-0.363814427,-0.363485619
2018-08-05,-0.354749863,-0.354443325
2018-08-06,-0.3455454,-0.344494569
2018-08-07,-0.336131237,-0.333907795
2018-08-08,-0.32679552,-0.322884624
2018-08-09,-0.317129647,-0.311318891
2018-08-10,-0.307173023,-0.299981213
2018-08-11,-0.296891226,-0.288886889
2018-08-12,-0.285745523,-0.278003917
2018-08-13,-0.273713877,-0.267309872
2018-08-14,-0.260634237,-0.256443627
2018-08-15,-0.245997927,-0.245342188
2018-08-16,-0.230038282,-0.233220695
2018-08-17,-0.213019246,-0.220363889
2018-08-18,-0.194145172,-0.206144466
2018-08-19,-0.176384525,-0.190636304
2018-08-20,-0.156011737,-0.173535931
2018-08-21,-0.134001676,-0.155059222
2018-08-22,-0.116569067,-0.135419909
2018-08-23,-0.098104284,-0.114900516
2018-08-24,-0.081590857,-0.094139676
2018-08-25,-0.064179792,-0.073069174
2018-08-26,-0.046496536,-0.052765192
2018-08-27,-0.029888472,-0.033297356
2018-08-28,-0.013388162,-0.014689136
2018-08-29,0.003161149,0.002219743
2018-08-30,0.020426777,0.01796847
2018-08-31,0.03719554,0.032650291
2018-09-01,0.05199713,0.046579087
2018-09-02,0.065702469,0.05962983
2018-09-03,0.078396784,0.071906158
2018-09-04,0.090798949,0.083960853
2018-09-05,0.10213049,0.09586868
2018-09-06,0.112067189,0.107531466
2018-09-07,0.121107741,0.119139753
2018-09-08,0.12978342,0.13047762
2018-09-09,0.1391995,0.141357479
2018-09-10,0.14849385,0.151517696
2018-09-11,0.157618861,0.161463486
2018-09-12,0.166355574,0.170877634
2018-09-13,0.17428543,0.179997072
2018-09-14,0.181884253,0.188707137
2018-09-15,0.189008946,0.196990732
2018-09-16,0.196223721,0.204924668
2018-09-17,0.20287537,0.212185412
2018-09-18,0.209035382,0.219072281
2018-09-19,0.21386504,0.225437106
2018-09-20,0.217538042,0.230927334
2018-09-21,0.219953491,0.235762318
2018-09-22,0.221386987,0.239653248
2018-09-23,0.222255291,0.242547947
2018-09-24,0.222481438,0.244487116
2018-09-25,0.222831716,0.245626641
2018-09-26,0.22356422,0.245999044
2018-09-27,0.224834807,0.246217959
2018-09-28,0.226844861,0.246341424
2018-09-29,0.229438136,0.246613049
2018-09-30,0.232417637,0.247165341
2018-10-01,0.235626854,0.24836887
2018-10-02,0.238429537,0.25015564
2018-10-03,0.240922462,0.252714147
2018-10-04,0.243143707,0.255850444
2018-10-05,0.245036747,0.259291165
2018-10-06,0.246949951,0.263053469
2018-10-07,0.24878914,0.267022496
2018-10-08,0.250879252,0.2707465
2018-10-09,0.253049705,0.274764459
2018-10-10,0.255602246,0.278540529
2018-10-11,0.258382272,0.281984195
2018-10-12,0.261676448,0.285251997
2018-10-13,0.265719264,0.288177844
2018-10-14,0.270216741,0.290696827
2018-10-15,0.27568423,0.293039599
2018-10-16,0.281678973,0.295478127
2018-10-17,0.287746288,0.298218464
2018-10-18,0.293764864,0.301341929
2018-10-19,0.299138903,0.305028891
2018-10-20,0.304296747,0.309054385
2018-10-21,0.308985698,0.313352324
2018-10-22,0.313568676,0.317774805
2018-10-23,0.31784915,0.321997278
2018-10-24,0.322139885,0.325511721
2018-10-25,0.32588124,0.328798811
2018-10-26,0.329097535,0.331294531
2018-10-27,0.331523535,0.333125202
2018-10-28,0.332868077,0.334259616
2018-10-29,0.333292091,0.334671468
2018-10-30,0.332721176,0.334289712
2018-10-31,0.331278856,0.333193654
2018-11-01,0.328857461,0.331270218
2018-11-02,0.325041553,0.328814251
2018-11-03,0.320113186,0.325515719
2018-11-04,0.313616274,0.32139836
2018-11-05,0.30581721,0.31639251
2018-11-06,0.297097876,0.310273978
2018-11-07,0.286552986,0.302689963
2018-11-08,0.274778898,0.293230644
2018-11-09,0.260918015,0.281725678
2018-11-10,0.245098026,0.267714701
2018-11-11,0.226926035,0.251088391
2018-11-12,0.207062535,0.232342939
2018-11-13,0.185821518,0.211487638
2018-11-14,0.163241024,0.188854072
2018-11-15,0.139606256,0.165010494
2018-11-16,0.11501405,0.139996841
2018-11-17,0.090377229,0.114715439
2018-11-18,0.065651842,0.089249634
2018-11-19,0.041116731,0.064028904
2018-11-20,0.016459364,0.039538518
2018-11-21,-0.007717444,0.015671929
2018-11-22,-0.031430794,-0.007428634
2018-11-23,-0.054773434,-0.030208482
2018-11-24,-0.07787412,-0.052604503
2018-11-25,-0.101590227,-0.074864411
2018-11-26,-0.125851912,-0.097431266
2018-11-27,-0.150943061,-0.120445342
2018-11-28,-0.176477178,-0.144152359
2018-11-29,-0.202324663,-0.168429151
2018-11-30,-0.229168848,-0.193413309
2018-12-01,-0.255995498,-0.218889156
2018-12-02,-0.283315682,-0.244823195
2018-12-03,-0.309670479,-0.270855493
2018-12-04,-0.334829405,-0.296603634
2018-12-05,-0.35860689,-0.321811283
2018-12-06,-0.380197663,-0.346070217
2018-12-07,-0.399750469,-0.368626692
2018-12-08,-0.416487853,-0.389329794
2018-12-09,-0.431662306,-0.407569208
2018-12-10,-0.444329149,-0.423381694
2018-12-11,-0.454906891,-0.436668571
2018-12-12,-0.464270552,-0.447373711
2018-12-13,-0.471684404,-0.455581841
2018-12-14,-0.477866044,-0.46164793
2018-12-15,-0.482237948,-0.465885584
2018-12-16,-0.484891113,-0.468296724
2018-12-17,-0.485805525,-0.469649572
2018-12-18,-0.485218048,-0.469304392
2018-12-19,-0.483013466,-0.468168576
2018-12-20,-0.479706472,-0.465674582
2018-12-21,-0.474311103,-0.46224546
2018-12-22,-0.467147496,-0.457281467
2018-12-23,-0.458522089,-0.451064581
2018-12-24,-0.448055911,-0.443314995
2018-12-25,-0.435739694,-0.434478784
2018-12-26,-0.422217096,-0.424016043
2018-12-27,-0.406217713,-0.411983039
2018-12-28,-0.38903342,-0.397938627
2018-12-29,-0.370294421,-0.382369967
2018-12-30,-0.350327472,-0.364832295
2018-12-31,-0.32909493,-0.345782752
2019-01-01,-0.306636495,-0.324843071
2019-01-02,-0.282853563,-0.302862269
2019-01-03,-0.258816404,-0.279582823
2019-01-04,-0.233826595,-0.255414444
2019-01-05,-0.208602823,-0.231073705
2019-01-06,-0.182785315,-0.205493659
2019-01-07,-0.155990674,-0.17961373
2019-01-08,-0.128512977,-0.153260481
2019-01-09,-0.100938743,-0.126736122
2019-01-10,-0.073292435,-0.100204931
2019-01-11,-0.045356477,-0.073439769
2019-01-12,-0.01750809,-0.046676816
2019-01-13,0.010452828,-0.019836082
2019-01-14,0.037643155,0.00682985
2019-01-15,0.063424578,0.033071867
2019-01-16,0.088411452,0.058688102
2019-01-17,0.112854265,0.083886113
2019-01-18,0.136346705,0.108120613
2019-01-19,0.158175019,0.131205494
2019-01-20,0.178227207,0.152722502
2019-01-21,0.196938519,0.17286836
2019-01-22,0.215248883,0.191386112
2019-01-23,0.232194964,0.208381122
2019-01-24,0.247689199,0.224016298
2019-01-25,0.260237256,0.238394953
2019-01-26,0.272332736,0.251236777
2019-01-27,0.282889827,0.262602862
2019-01-28,0.292291754,0.272454814
2019-01-29,0.299132123,0.281137771
2019-01-30,0.303962131,0.288538507
2019-01-31,0.307785359,0.294744761
2019-02-01,0.310555348,0.299445624
2019-02-02,0.312207449,0.302833144
2019-02-03,0.312791324,0.304661759
2019-02-04,0.312289081,0.305361864
2019-02-05,0.3108358,0.304831367
2019-02-06,0.307806158,0.303090191
2019-02-07,0.303556845,0.300269263
2019-02-08,0.298250241,0.296188875
2019-02-09,0.292367294,0.291249574
2019-02-10,0.285149761,0.285562988
2019-02-11,0.27736287,0.279086327
2019-02-12,0.268975827,0.272536635
2019-02-13,0.260936299,0.265805715
2019-02-14,0.253612518,0.259127796
2019-02-15,0.247080511,0.252772932
2019-02-16,0.241669346,0.247035237
2019-02-17,0.237667488,0.242342665
2019-02-18,0.235289362,0.238732545
2019-02-19,0.234388541,0.236538957
2019-02-20,0.234838443,0.23554244
2019-02-21,0.236246667,0.235677923
2019-02-22,0.238129803,0.236808664
2019-02-23,0.240078837,0.238779514
2019-02-24,0.241967456,0.241495629
2019-02-25,0.244158256,0.244878843
2019-02-26,0.246808127,0.248728021
2019-02-27,0.25001035,0.252925368
2019-02-28,0.254238753,0.257789917
2019-03-01,0.259323137,0.262926806
2019-03-02,0.265909798,0.268384275
2019-03-03,0.273351283,0.274173217
2019-03-04,0.281742807,0.280506046
2019-03-05,0.290861858,0.287311428
2019-03-06,0.3005429,0.294490617
2019-03-07,0.310901693,0.302337622
2019-03-08,0.321598905,0.31098821
2019-03-09,0.332703904,0.320607016
2019-03-10,0.344272305,0.331140686
2019-03-11,0.356369302,0.342527833
2019-03-12,0.368939027,0.354576796
2019-03-13,0.381915625,0.366912376
2019-03-14,0.395072263,0.37942198
2019-03-15,0.407917153,0.391734275
2019-03-16,0.42010356,0.403572729
2019-03-17,0.430977324,0.414635089
2019-03-18,0.440658888,0.424895236
2019-03-19,0.448908965,0.434060578
2019-03-20,0.455951114,0.442005226
2019-03-21,0.461602418,0.448550693
2019-03-22,0.466243192,0.453816987
2019-03-23,0.470109384,0.457832671
2019-03-24,0.473030762,0.460800071
2019-03-25,0.4749149,0.462879006
2019-03-26,0.475699017,0.463746795
2019-03-27,0.475293208,0.463568811
2019-03-28,0.473499059,0.461830049
2019-03-29,0.469426676,0.45866304
2019-03-30,0.463100769,0.453821661
2019-03-31,0.454538793,0.447078111
2019-04-01,0.444148294,0.4382671
2019-04-02,0.431702632,0.427255851
2019-04-03,0.417357025,0.414027862
2019-04-04,0.401190851,0.398874305
2019-04-05,0.383350343,0.381839365
2019-04-06,0.3635764,0.363383657
2019-04-07,0.342165174,0.343622752
2019-04-08,0.319119577,0.322680571
2019-04-09,0.294821267,0.30061918
2019-04-10,0.269540269,0.277891937
2019-04-11,0.243531008,0.254179361
2019-04-12,0.216927404,0.229708807
2019-04-13,0.18893343,0.204410116
2019-04-14,0.160109577,0.178218143
2019-04-15,0.130420489,0.151131152
2019-04-16,0.099951672,0.123197135
2019-04-17,0.069171176,0.094026089
2019-04-18,0.03905012,0.063621098
2019-04-19,0.004880712,0.032275536
2019-04-20,-0.027649924,0.000297105
2019-04-21,-0.060983918,-0.032101397
2019-04-22,-0.09493038,-0.06454071
2019-04-23,-0.127805841,-0.096743191
2019-04-24,-0.160633202,-0.128572947
2019-04-25,-0.191354483,-0.159654377
2019-04-26,-0.220253121,-0.189555692
2019-04-27,-0.247669139,-0.218047576
2019-04-28,-0.272796105,-0.244892688
2019-04-29,-0.296068095,-0.270023797
2019-04-30,-0.317110104,-0.293437268
2019-05-01,-0.336182985,-0.315015439
2019-05-02,-0.353988613,-0.334749297
2019-05-03,-0.37087858,-0.352731422
2019-05-04,-0.386536076,-0.369005573
2019-05-05,-0.401216311,-0.383405337
2019-05-06,-0.414122258,-0.396120112
2019-05-07,-0.425378147,-0.40702166
2019-05-08,-0.434798324,-0.416142181
2019-05-09,-0.441842926,-0.423649193
2019-05-10,-0.446093238,-0.429096232
2019-05-11,-0.447703206,-0.432617783
2019-05-12,-0.446813471,-0.434426565
2019-05-13,-0.443253428,-0.434020101
2019-05-14,-0.43795887,-0.432141486
2019-05-15,-0.430692447,-0.428387625
2019-05-16,-0.422345844,-0.423065601
2019-05-17,-0.413222936,-0.416295277
2019-05-18,-0.402781516,-0.408095576
2019-05-19,-0.392158512,-0.398042787
2019-05-20,-0.380343729,-0.386857218
2019-05-21,-0.367179741,-0.374080721
2019-05-22,-0.353030801,-0.359868714
2019-05-23,-0.336206973,-0.34406336
2019-05-24,-0.317137431,-0.326934432
2019-05-25,-0.296800717,-0.308160724
2019-05-26,-0.274328208,-0.28803291
2019-05-27,-0.251118226,-0.266659146
2019-05-28,-0.226826544,-0.244223592
2019-05-29,-0.201521007,-0.220820591
2019-05-30,-0.176096997,-0.196357799
2019-05-31,-0.150451426,-0.17155583
2019-06-01,-0.125201791,-0.146497275
2019-06-02,-0.100326221,-0.121624446
2019-06-03,-0.075528218,-0.096237743
2019-06-04,-0.050470586,-0.070983239
2019-06-05,-0.025330457,-0.045734586
2019-06-06,5.77E-05,-0.020550369
2019-06-07,0.025069884,0.005022567
2019-06-08,0.049712443,0.030104826
2019-06-09,0.074367816,0.055338727
2019-06-10,0.099384914,0.079885576
2019-06-11,0.124496727,0.104452686
2019-06-12,0.14969406,0.12814759
2019-06-13,0.173575781,0.15108897
2019-06-14,0.196661312,0.173367896
2019-06-15,0.218548899,0.195120306
2019-06-16,0.240184943,0.215887493
2019-06-17,0.260781277,0.235592859
2019-06-18,0.279559666,0.25435279
2019-06-19,0.296382457,0.272024446
2019-06-20,0.311149077,0.28886796
2019-06-21,0.324369775,0.304812139
2019-06-22,0.336968262,0.319946094
2019-06-23,0.348549177,0.333754182
2019-06-24,0.359564136,0.346432631
2019-06-25,0.369154608,0.357948376
2019-06-26,0.377963564,0.368146016
2019-06-27,0.38590787,0.377099801
2019-06-28,0.39349136,0.384623389
2019-06-29,0.399756548,0.390639478
2019-06-30,0.404121164,0.395139921
2019-07-01,0.406088776,0.398354416
2019-07-02,0.406462439,0.400215287
2019-07-03,0.404663773,0.401092307
2019-07-04,0.400822891,0.400655518
2019-07-05,0.396116116,0.399236582
2019-07-06,0.389952482,0.396606163
2019-07-07,0.383981324,0.392788006
2019-07-08,0.378639152,0.388384001
2019-07-09,0.374010705,0.383345718
2019-07-10,0.369930875,0.377978998
2019-07-11,0.365993187,0.372404352
2019-07-12,0.362402336,0.367152975
2019-07-13,0.358915458,0.362678773
2019-07-14,0.355246396,0.3588295
2019-07-15,0.350911753,0.355500475
2019-07-16,0.346246414,0.353039808
2019-07-17,0.341522761,0.351011173
2019-07-18,0.337241117,0.349372364
2019-07-19,0.333575058,0.348109841
2019-07-20,0.330884254,0.347048538
2019-07-21,0.329579008,0.346408608
2019-07-22,0.329528275,0.346124074
2019-07-23,0.331148043,0.34674034
2019-07-24,0.334444418,0.347702964
2019-07-25,0.339177033,0.349622318
2019-07-26,0.345068418,0.35278678
2019-07-27,0.351926234,0.357200223
2019-07-28,0.359818973,0.363107166
2019-07-29,0.367986023,0.370052005
2019-07-30,0.376364093,0.378218791
2019-07-31,0.384574462,0.387226243
2019-08-01,0.393231957,0.39695302
2019-08-02,0.402788391,0.407124266
2019-08-03,0.413610768,0.417815979
2019-08-04,0.425624395,0.428509266
2019-08-05,0.438493224,0.439950807
2019-08-06,0.45228013,0.451449922
2019-08-07,0.46735105,0.463726939
2019-08-08,0.482700712,0.47651572
2019-08-09,0.497964911,0.48988478
2019-08-10,0.512562626,0.503503454
2019-08-11,0.52671977,0.517483134
2019-08-12,0.540502871,0.531527032
2019-08-13,0.553677687,0.545351041
2019-08-14,0.56604403,0.558776321
2019-08-15,0.577409316,0.571442014
2019-08-16,0.587930471,0.583118077
2019-08-17,0.597480807,0.593712433
2019-08-18,0.605698548,0.602862769
2019-08-19,0.612355602,0.61051297
2019-08-20,0.617305287,0.616436117
2019-08-21,0.620396855,0.620828271
2019-08-22,0.621463941,0.62357701
2019-08-23,0.620674317,0.624457467
2019-08-24,0.618333835,0.623596527
2019-08-25,0.614371263,0.620994393
2019-08-26,0.608966353,0.616944826
2019-08-27,0.601858574,0.611466124
2019-08-28,0.593088096,0.603595478
2019-08-29,0.58215043,0.594368077
2019-08-30,0.569710434,0.583308828
2019-08-31,0.555553764,0.570710703
2019-09-01,0.539550011,0.556910103
2019-09-02,0.521484217,0.541575881
2019-09-03,0.501638054,0.524463546
2019-09-04,0.480367696,0.506149494
2019-09-05,0.457853392,0.486294241
2019-09-06,0.433865953,0.4650829
2019-09-07,0.407970539,0.442965896
2019-09-08,0.380566553,0.418721448
2019-09-09,0.352300398,0.393079136
2019-09-10,0.32299333,0.366274827
2019-09-11,0.293078141,0.338030874
2019-09-12,0.262699146,0.308438439
2019-09-13,0.231702402,0.278515276
2019-09-14,0.200256605,0.247258179
2019-09-15,0.167989098,0.215009139
2019-09-16,0.134965628,0.182825359
2019-09-17,0.101194621,0.150359709
2019-09-18,0.067067642,0.118151266
2019-09-19,0.033056045,0.086843211
2019-09-20,0.00051851,0.056411421
2019-09-21,-0.030352802,0.027013899
2019-09-22,-0.058900574,-0.000451856
2019-09-23,-0.085989572,-0.026964148
2019-09-24,-0.111371453,-0.051200828
2019-09-25,-0.135152776,-0.074358971
2019-09-26,-0.157596128,-0.095993295
2019-09-27,-0.178362138,-0.116430428
2019-09-28,-0.197508576,-0.136309217
2019-09-29,-0.215090756,-0.153885701
2019-09-30,-0.231035603,-0.170884205
2019-10-01,-0.245062474,-0.186131399
2019-10-02,-0.257621689,-0.199330796
2019-10-03,-0.268057547,-0.211031689
2019-10-04,-0.27524732,-0.220511793
2019-10-05,-0.27952686,-0.228207043
2019-10-06,-0.28012537,-0.233284594
2019-10-07,-0.277148573,-0.236010227
2019-10-08,-0.271540674,-0.235396806
2019-10-09,-0.263526724,-0.231778089
2019-10-10,-0.253561395,-0.225325798
2019-10-11,-0.241076543,-0.215726146
2019-10-12,-0.225536249,-0.203207147
2019-10-13,-0.207604211,-0.18905594
2019-10-14,-0.187580284,-0.17166151
2019-10-15,-0.165710585,-0.152661228
2019-10-16,-0.141860748,-0.131702184
2019-10-17,-0.117005132,-0.108737122
2019-10-18,-0.091380023,-0.084339078
2019-10-19,-0.065087657,-0.059462227
2019-10-20,-0.0385805,-0.033531401
2019-10-21,-0.011265333,-0.006758756
2019-10-22,0.016217237,0.020566301
2019-10-23,0.044659246,0.048118043
2019-10-24,0.072410993,0.076473368
2019-10-25,0.101389594,0.104755329
2019-10-26,0.131142862,0.133272007
2019-10-27,0.161738703,0.161947308
2019-10-28,0.193279474,0.190581843
2019-10-29,0.223449631,0.218964871
2019-10-30,0.252310038,0.246882734
2019-10-31,0.280288883,0.27463416
2019-11-01,0.306562778,0.301929057
2019-11-02,0.332206995,0.32852924
2019-11-03,0.356761964,0.353859553
2019-11-04,0.380361132,0.378599393
2019-11-05,0.402977524,0.401889889
2019-11-06,0.424233997,0.423465259
2019-11-07,0.446243989,0.443504707
2019-11-08,0.468078585,0.46205525
2019-11-09,0.48921392,0.479184872
2019-11-10,0.509090427,0.495015344
2019-11-11,0.527831432,0.510470915
2019-11-12,0.544367242,0.525485213
2019-11-13,0.559122636,0.539680494
2019-11-14,0.571663791,0.55296401
2019-11-15,0.580989217,0.565059574
2019-11-16,0.588584087,0.576062011
2019-11-17,0.594239011,0.585372785
2019-11-18,0.599235143,0.592792645
2019-11-19,0.602766455,0.59807889
2019-11-20,0.604830907,0.601332484
2019-11-21,0.605809125,0.602045903
2019-11-22,0.605060593,0.600781536
2019-11-23,0.602366541,0.597957459
2019-11-24,0.596984958,0.593110452
2019-11-25,0.588958369,0.586604743
2019-11-26,0.577751559,0.578832441
2019-11-27,0.564520962,0.570064213
2019-11-28,0.549390225,0.5589817
2019-11-29,0.533181819,0.546511859
2019-11-30,0.515571109,0.53283323
2019-12-01,0.497927386,0.516825077
2019-12-02,0.479356792,0.500603934
2019-12-03,0.46051684,0.483867509
2019-12-04,0.441943643,0.466263037
2019-12-05,0.423552673,0.448753034
2019-12-06,0.405172205,0.432227324
2019-12-07,0.387247657,0.416051842
2019-12-08,0.36981291,0.400201239
2019-12-09,0.353264434,0.385278302
2019-12-10,0.338070743,0.370910002
2019-12-11,0.324309476,0.357782784
2019-12-12,0.311888975,0.34517887
2019-12-13,0.300616008,0.333879249
2019-12-14,0.291237051,0.323919588
2019-12-15,0.283933837,0.316238385
2019-12-16,0.278898466,0.309470944
2019-12-17,0.275463864,0.304612872
2019-12-18,0.274365566,0.301041506
2019-12-19,0.274937474,0.299458852
2019-12-20,0.277733796,0.299440963
2019-12-21,0.281784377,0.30110313
2019-12-22,0.287488541,0.304972043
2019-12-23,0.2953405,0.310397279
2019-12-24,0.304716197,0.31726068
2019-12-25,0.315956185,0.32599462
2019-12-26,0.328646924,0.336095427
2019-12-27,0.344200421,0.347266132
2019-12-28,0.360575441,0.359857721
2019-12-29,0.378046369,0.372933047
2019-12-30,0.395864519,0.387575246
2019-12-31,0.413536948,0.402967083
2020-01-01,0.431099157,0.41902498
2020-01-02,0.447531767,0.435000247
2020-01-03,0.464309589,0.451063347
2020-01-04,0.480490113,0.466910661
2020-01-05,0.496905317,0.482953332
2020-01-06,0.51367228,0.498727887
2020-01-07,0.530824543,0.514311828
2020-01-08,0.547961429,0.529765828
2020-01-09,0.564860747,0.544952068
2020-01-10,0.580761203,0.559786995
2020-01-11,0.595615262,0.574173961
2020-01-12,0.608639257,0.588316655
2020-01-13,0.619856102,0.601627938
2020-01-14,0.62921914,0.61358313
2020-01-15,0.637132806,0.62428359
2020-01-16,0.643947603,0.633875416
2020-01-17,0.649396297,0.641711323
2020-01-18,0.653679624,0.647670897
2020-01-19,0.656116932,0.65197739
2020-01-20,0.657264693,0.65425373
2020-01-21,0.655850691,0.654677143
2020-01-22,0.653180402,0.653084185
2020-01-23,0.648386618,0.649647202
2020-01-24,0.641460713,0.644128242
2020-01-25,0.632592269,0.636593749
2020-01-26,0.622130205,0.627117682
2020-01-27,0.609641757,0.616024544
2020-01-28,0.595552316,0.603359334
2020-01-29,0.580145936,0.589107728
2020-01-30,0.562935496,0.573822087
2020-01-31,0.543987085,0.556804767
2020-02-01,0.523584936,0.538261885
2020-02-02,0.501356459,0.517856703
2020-02-03,0.477559318,0.496431597
2020-02-04,0.451636454,0.473186681
2020-02-05,0.424571785,0.448910547
2020-02-06,0.396376762,0.422548323
2020-02-07,0.367982972,0.394491983
2020-02-08,0.339233843,0.365777419
2020-02-09,0.309948819,0.335752855
2020-02-10,0.279735396,0.305047835
2020-02-11,0.248726768,0.274168915
2020-02-12,0.216802181,0.242818398
2020-02-13,0.185226116,0.211161183
2020-02-14,0.15312612,0.180056752
2020-02-15,0.121005468,0.149547119
2020-02-16,0.089028551,0.119349826
2020-02-17,0.057925794,0.08975756
2020-02-18,0.02821914,0.06091741
2020-02-19,6.91E-05,0.032827961
2020-02-20,-0.02664946,0.005644754
2020-02-21,-0.051744111,-0.020346291
2020-02-22,-0.075437251,-0.045066487
2020-02-23,-0.097965184,-0.068326259
2020-02-24,-0.118689583,-0.090255105
2020-02-25,-0.137779841,-0.11032115
2020-02-26,-0.154621562,-0.128686136
2020-02-27,-0.169241278,-0.144696378
2020-02-28,-0.181317448,-0.158339544
2020-02-29,-0.190541526,-0.169317163
2020-03-01,-0.197042657,-0.177991704
2020-03-02,-0.201447042,-0.184054189
2020-03-03,-0.203153236,-0.187371104
2020-03-04,-0.202185478,-0.187980919
2020-03-05,-0.19863338,-0.186660242
2020-03-06,-0.192313138,-0.183353729
2020-03-07,-0.184327533,-0.178324616
2020-03-08,-0.174114885,-0.171504802
2020-03-09,-0.162320744,-0.161981369
2020-03-10,-0.149451763,-0.151284104
2020-03-11,-0.1342506,-0.138866067
2020-03-12,-0.11741423,-0.125242791
2020-03-13,-0.099269437,-0.109650657
2020-03-14,-0.078493492,-0.092248343
2020-03-15,-0.057359626,-0.07355612
2020-03-16,-0.034397504,-0.053517386
2020-03-17,-0.010448244,-0.031756348
2020-03-18,0.014698145,-0.008328121
2020-03-19,0.041907046,0.016350859
2020-03-20,0.069756449,0.042432596
2020-03-21,0.099020854,0.069756379
2020-03-22,0.127625268,0.097834386
2020-03-23,0.156234909,0.126296759
2020-03-24,0.184618821,0.154694771
2020-03-25,0.212310172,0.183255188
2020-03-26,0.239677216,0.210713651
2020-03-27,0.265271874,0.237792385
2020-03-28,0.289736715,0.264183502
2020-03-29,0.313233624,0.289123678
2020-03-30,0.335818795,0.312659529
2020-03-31,0.357993328,0.335271953
2020-04-01,0.379639321,0.356838554
2020-04-02,0.400177615,0.377130597
2020-04-03,0.420163098,0.396409331
2020-04-04,0.438855012,0.41475455
2020-04-05,0.457202824,0.431749014
2020-04-06,0.474416766,0.447617978
2020-04-07,0.490024298,0.463043203
2020-04-08,0.503906577,0.477522778
2020-04-09,0.515772493,0.490852417
2020-04-10,0.526061874,0.502341018
2020-04-11,0.533977896,0.513057134
2020-04-12,0.540312929,0.521641353
2020-04-13,0.544248981,0.528691503
2020-04-14,0.547691719,0.533790458
2020-04-15,0.548867663,0.537117961
2020-04-16,0.548351645,0.537850776
2020-04-17,0.54453896,0.536418938
2020-04-18,0.539111046,0.533037506
2020-04-19,0.531486964,0.527493278
2020-04-20,0.522726094,0.519917447
2020-04-21,0.511720567,0.510370789
2020-04-22,0.49933549,0.498783227
2020-04-23,0.484974307,0.485841459
2020-04-24,0.469003524,0.471399123
2020-04-25,0.451566398,0.456327938
2020-04-26,0.434086175,0.440279553
2020-04-27,0.415569173,0.423535451
2020-04-28,0.396670352,0.406541024
2020-04-29,0.37702443,0.389268872
2020-04-30,0.357885643,0.371635314
2020-05-01,0.338549606,0.353940311
2020-05-02,0.319512035,0.336118567
2020-05-03,0.300761507,0.318408511
2020-05-04,0.282420048,0.301312811
2020-05-05,0.264797494,0.284404659
2020-05-06,0.247827685,0.268067096
2020-05-07,0.232071043,0.252332786
2020-05-08,0.218048575,0.237973463
2020-05-09,0.205113437,0.22417939
2020-05-10,0.193943945,0.211775835
2020-05-11,0.18416781,0.201216122
2020-05-12,0.175987801,0.192677922
2020-05-13,0.170463303,0.185601809
2020-05-14,0.16667817,0.18151212
2020-05-15,0.165729198,0.178998211
2020-05-16,0.167142772,0.178668473
2020-05-17,0.170864703,0.180800024
2020-05-18,0.177157758,0.184809238
2020-05-19,0.185137375,0.19048397
2020-05-20,0.195437626,0.197865099
2020-05-21,0.207380049,0.207334658
2020-05-22,0.221550912,0.219098222
2020-05-23,0.236777951,0.232498416
2020-05-24,0.253323315,0.247824314
2020-05-25,0.271083978,0.264171266
2020-05-26,0.290388814,0.282402695
2020-05-27,0.311415905,0.302564274
2020-05-28,0.33305533,0.323789925
2020-05-29,0.356762685,0.346089978
2020-05-30,0.381901118,0.369559344
2020-05-31,0.408602966,0.393774474
2020-06-01,0.436754933,0.418651693
2020-06-02,0.464953763,0.444242109
2020-06-03,0.49311359,0.469845606
2020-06-04,0.521479517,0.495253125
2020-06-05,0.548783763,0.520004595
2020-06-06,0.573948215,0.543833189
2020-06-07,0.596722814,0.566347993
2020-06-08,0.617817843,0.587650119
2020-06-09,0.635760308,0.607735838
2020-06-10,0.651760464,0.626487113
2020-06-11,0.666475975,0.643569262
2020-06-12,0.680628593,0.659103626
2020-06-13,0.693954623,0.673149566
2020-06-14,0.706409133,0.685204103
2020-06-15,0.717102047,0.695596549
2020-06-16,0.725738389,0.704465989
2020-06-17,0.732551846,0.711323816
2020-06-18,0.737380347,0.716551755
2020-06-19,0.739036393,0.71927081
2020-06-20,0.737195513,0.719984083
2020-06-21,0.732277691,0.718210747
2020-06-22,0.7243814,0.714103621
2020-06-23,0.713316021,0.707078453
2020-06-24,0.699009259,0.697410874
2020-06-25,0.681888422,0.685028408
2020-06-26,0.661364129,0.670232875
2020-06-27,0.638246186,0.652628127
2020-06-28,0.612196534,0.632590228
2020-06-29,0.584563473,0.609645128
2020-06-30,0.555432235,0.584267424
2020-07-01,0.52561865,0.556574728
2020-07-02,0.494904562,0.526575172
2020-07-03,0.463315131,0.494841966
2020-07-04,0.430518154,0.46181395
2020-07-05,0.396854266,0.427925035
2020-07-06,0.36203092,0.393457425
2020-07-07,0.325861849,0.358354597
2020-07-08,0.289330879,0.322811698
2020-07-09,0.252725824,0.286986015
2020-07-10,0.216486417,0.251433112
2020-07-11,0.179870733,0.215804363
2020-07-12,0.144208425,0.180061868
2020-07-13,0.108858669,0.144589508
2020-07-14,0.074698878,0.109751076
2020-07-15,0.040738236,0.075730675
2020-07-16,0.007550393,0.042318903
2020-07-17,-0.024658439,0.010183467
2020-07-18,-0.055778413,-0.019839515
2020-07-19,-0.084763096,-0.049066078
2020-07-20,-0.111895102,-0.076804626
2020-07-21,-0.137119303,-0.102832162
2020-07-22,-0.160074426,-0.126560748
2020-07-23,-0.180983229,-0.148617398
2020-07-24,-0.199621857,-0.168209835
2020-07-25,-0.215678255,-0.185258679
2020-07-26,-0.230042489,-0.19964273
2020-07-27,-0.241775089,-0.211478019
2020-07-28,-0.250473121,-0.220722192
2020-07-29,-0.256542725,-0.227191995
2020-07-30,-0.259616197,-0.231647238
2020-07-31,-0.259494063,-0.233293013
2020-08-01,-0.257143075,-0.232835327
2020-08-02,-0.251454315,-0.229985674
2020-08-03,-0.24253785,-0.224462669
2020-08-04,-0.231196712,-0.215538584
2020-08-05,-0.216122707,-0.204411051
2020-08-06,-0.199529176,-0.190500404
2020-08-07,-0.18026825,-0.174157272
2020-08-08,-0.158202147,-0.155510712
2020-08-09,-0.133322303,-0.134852124
2020-08-10,-0.106624839,-0.112137915
2020-08-11,-0.077036749,-0.087362128
2020-08-12,-0.046304383,-0.060463586
2020-08-13,-0.013992184,-0.031528421
2020-08-14,0.019935541,-0.000451769
2020-08-15,0.054458938,0.032096493
2020-08-16,0.090423604,0.065471362
2020-08-17,0.126861555,0.099336632
2020-08-18,0.16302972,0.133962601
2020-08-19,0.199384512,0.168347901
2020-08-20,0.234026012,0.202167484
2020-08-21,0.267207443,0.235011561
2020-08-22,0.298763487,0.266810347
2020-08-23,0.328373882,0.297065297
2020-08-24,0.35582568,0.325185952
2020-08-25,0.381370326,0.350592282
2020-08-26,0.40426211,0.374316764
2020-08-27,0.425478446,0.395814097
2020-08-28,0.444706358,0.414426893
2020-08-29,0.461952172,0.430758317
2020-08-30,0.47722174,0.445364911
2020-08-31,0.49110296,0.457977395
2020-09-01,0.504572271,0.469614447
2020-09-02,0.515195404,0.480773306
2020-09-03,0.523309624,0.491137373
2020-09-04,0.528868659,0.499588769
2020-09-05,0.532414361,0.506775788
2020-09-06,0.533002791,0.511921208
2020-09-07,0.532262996,0.514548775
2020-09-08,0.528295599,0.514386941
2020-09-09,0.522716158,0.511666238
2020-09-10,0.51155891,0.505156144
2020-09-11,0.498991664,0.495158662
2020-09-12,0.483680266,0.482319128
2020-09-13,0.46801759,0.467467015
2020-09-14,0.450447044,0.449805341
2020-09-15,0.432632654,0.430736675
2020-09-16,0.413795929,0.411089326
2020-09-17,0.394419439,0.390274235
2020-09-18,0.374704197,0.369955766
2020-09-19,0.354473285,0.349899424
2020-09-20,0.33420919,0.33017579
2020-09-21,0.312334639,0.310829917
2020-09-22,0.289324794,0.291968535
2020-09-23,0.264885383,0.272888425
2020-09-24,0.240960302,0.253232761
2020-09-25,0.217361663,0.232845912
2020-09-26,0.194273525,0.211749869
2020-09-27,0.170603792,0.190096329
2020-09-28,0.15107403,0.168606251
2020-09-29,0.125405469,0.147742369
2020-09-30,0.107988498,0.127248999
2020-10-01,0.088302165,0.108504397
2020-10-02,0.071788416,0.090703247
2020-10-03,0.055508033,0.074599736
2020-10-04,0.041399817,0.060173402
2020-10-05,0.031351865,0.047873033
2020-10-06,0.023619285,0.037641231
2020-10-07,0.019391706,0.030259256
2020-10-08,0.017133256,0.025547336
2020-10-09,0.018098333,0.023718066
2020-10-10,0.021835291,0.024839227
2020-10-11,0.028219885,0.028792338
2020-10-12,0.036690529,0.035209157
2020-10-13,0.047982324,0.04401793
2020-10-14,0.061135427,0.055200115
2020-10-15,0.07658875,0.068356848
2020-10-16,0.093856902,0.083944685
2020-10-17,0.112731513,0.101785467
2020-10-18,0.134047605,0.121777958
2020-10-19,0.158575527,0.14360358
2020-10-20,0.185582494,0.167662945
2020-10-21,0.216240096,0.193608549
2020-10-22,0.248176737,0.221504499
2020-10-23,0.280647456,0.251055551
2020-10-24,0.314449156,0.281979514
2020-10-25,0.34757579,0.31298295
2020-10-26,0.380365391,0.34513564
2020-10-27,0.412307472,0.37698555
2020-10-28,0.443591902,0.40844415
2020-10-29,0.473757426,0.438831732
2020-10-30,0.503021085,0.468978149
2020-10-31,0.531866631,0.497179938
2020-11-01,0.559975806,0.523776713
2020-11-02,0.587270086,0.548638247
2020-11-03,0.612384502,0.571433559
2020-11-04,0.634492238,0.592543214
2020-11-05,0.653357229,0.612257338
2020-11-06,0.669644055,0.630245751
2020-11-07,0.684513369,0.646558719
2020-11-08,0.698545001,0.661664398
2020-11-09,0.71076788,0.675564638
2020-11-10,0.721012226,0.688110043
2020-11-11,0.729458743,0.699557815
2020-11-12,0.736768161,0.709006679
2020-11-13,0.74298005,0.716257487
2020-11-14,0.747077695,0.720563912
2020-11-15,0.747437075,0.721433271
2020-11-16,0.742852883,0.718876737
2020-11-17,0.73339578,0.713049085
2020-11-18,0.719289464,0.703458137
2020-11-19,0.700782499,0.690245729
2020-11-20,0.678221043,0.673285951
2020-11-21,0.652817512,0.652904
2020-11-22,0.625086448,0.628981962
2020-11-23,0.595851544,0.601365696
2020-11-24,0.565142631,0.571070032
2020-11-25,0.532145945,0.537670874
2020-11-26,0.495266473,0.502009187
2020-11-27,0.462492432,0.463939503
2020-11-28,0.416479495,0.424273835
2020-11-29,0.376348336,0.383512306
2020-11-30,0.330282372,0.342330899
2020-12-01,0.286216818,0.300370045
2020-12-02,0.239749386,0.257968378
2020-12-03,0.19264186,0.215104658
2020-12-04,0.146426074,0.171976872
2020-12-05,0.100248444,0.1284727
2020-12-06,0.055973818,0.08518995
2020-12-07,0.010529457,0.042330317
2020-12-08,-0.034240923,-0.000522483
2020-12-09,-0.079621704,-0.043294793
2020-12-10,-0.123948102,-0.085646619
2020-12-11,-0.167950237,-0.12736703
2020-12-12,-0.210918665,-0.168282457
2020-12-13,-0.251469857,-0.208114406
2020-12-14,-0.289433486,-0.246443739
2020-12-15,-0.323674067,-0.282852588
2020-12-16,-0.353694126,-0.317132439
2020-12-17,-0.381062376,-0.348322
2020-12-18,-0.404533714,-0.376029274
2020-12-19,-0.424949674,-0.399921698
2020-12-20,-0.442228754,-0.419836648
2020-12-21,-0.455905366,-0.435704003
2020-12-22,-0.4661922,-0.447417415
2020-12-23,-0.472522979,-0.455339268
2020-12-24,-0.475782595,-0.459586668
2020-12-25,-0.473740097,-0.460240643
2020-12-26,-0.468315108,-0.457208967
2020-12-27,-0.459098857,-0.450116048
2020-12-28,-0.446124522,-0.439761201
2020-12-29,-0.428450277,-0.426393418
2020-12-30,-0.408717685,-0.40944549
2020-12-31,-0.384990184,-0.389849416
2021-01-01,-0.360238727,-0.367648872
2021-01-02,-0.333105729,-0.343486106
2021-01-03,-0.304789013,-0.317522916
2021-01-04,-0.274035686,-0.289895736
2021-01-05,-0.241647669,-0.26109054
2021-01-06,-0.208476124,-0.230864427
2021-01-07,-0.173015888,-0.199866528
2021-01-08,-0.13683156,-0.167490118
2021-01-09,-0.100287267,-0.13427428
2021-01-10,-0.063867633,-0.099882333
2021-01-11,-0.028251741,-0.064675823
2021-01-12,0.013836313,-0.02870597
2021-01-13,0.051208116,0.007561844
2021-01-14,0.088972278,0.04332412
2021-01-15,0.125026915,0.07877296
2021-01-16,0.161718965,0.113810194
2021-01-17,0.197243633,0.148570918
2021-01-18,0.229289952,0.182388188
2021-01-19,0.259434043,0.215066199
2021-01-20,0.28826026,0.246014662
2021-01-21,0.31651547,0.275529881
2021-01-22,0.340827443,0.30217533
2021-01-23,0.362188714,0.326593795
2021-01-24,0.381130748,0.348619515
2021-01-25,0.397898906,0.367568695
2021-01-26,0.411824419,0.383238983
2021-01-27,0.422158054,0.396398047
2021-01-28,0.430254558,0.40667926
2021-01-29,0.436054471,0.414591032
2021-01-30,0.439420412,0.420518437
2021-01-31,0.440248912,0.423196572
2021-02-01,0.43899835,0.4233943
2021-02-02,0.434574205,0.421345706
2021-02-03,0.427028312,0.415677976
2021-02-04,0.415929059,0.407838549
2021-02-05,0.402472369,0.397404526
2021-02-06,0.387936489,0.3848508
2021-02-07,0.369225203,0.37006985
2021-02-08,0.352212833,0.353892063
2021-02-09,0.330439522,0.336020737
2021-02-10,0.311365965,0.317418485
2021-02-11,0.289794094,0.297991036
2021-02-12,0.2690078,0.277878029
2021-02-13,0.247474155,0.25753572
2021-02-14,0.225110005,0.237219558
2021-02-15,0.202896819,0.216984787
2021-02-16,0.179813207,0.196963653
2021-02-17,0.156969549,0.176745962
2021-02-18,0.133808208,0.156400668
2021-02-19,0.110900672,0.135871035
2021-02-20,0.088971742,0.115430959
2021-02-21,0.067765797,0.095207203
2021-02-22,0.047769022,0.07535863
2021-02-23,0.028109433,0.055560418
2021-02-24,0.008852165,0.035749462
2021-02-25,-0.009007948,0.016281439
2021-02-26,-0.025822134,-0.002368285
2021-02-27,-0.041121993,-0.019642084
2021-02-28,-0.055350805,-0.034730574
2021-03-01,-0.067295866,-0.047141633
2021-03-02,-0.075063365,-0.056483136
2021-03-03,-0.078625109,-0.062414248
2021-03-04,-0.077884296,-0.064561192
2021-03-05,-0.073126945,-0.062926668
2021-03-06,-0.065527665,-0.057481552
2021-03-07,-0.05317386,-0.048135698
2021-03-08,-0.038880169,-0.035763997
2021-03-09,-0.022215078,-0.020984026
2021-03-10,-0.004034856,-0.003939153
2021-03-11,0.01460474,0.015013215
2021-03-12,0.034676703,0.035687167
2021-03-13,0.056133848,0.057573041
2021-03-14,0.079951355,0.080797304
2021-03-15,0.106138716,0.105096749
2021-03-16,0.134774495,0.130432291
2021-03-17,0.165528516,0.156956481
2021-03-18,0.197923558,0.185552691
2021-03-19,0.236415439,0.214984939
2021-03-20,0.270815872,0.246788497
2021-03-21,0.308086166,0.279372727
2021-03-22,0.344975498,0.312999118
2021-03-23,0.38287562,0.346939331
2021-03-24,0.419164529,0.381430501
2021-03-25,0.453388493,0.415329662
2021-03-26,0.487241312,0.449417171
2021-03-27,0.519855041,0.481965923
2021-03-28,0.551431943,0.513084279
2021-03-29,0.581346082,0.541178563
2021-03-30,0.608900655,0.567299628
2021-03-31,0.633469454,0.591103933
2021-04-01,0.653586539,0.612241499
2021-04-02,0.669556152,0.630525241
2021-04-03,0.680798062,0.6464256
2021-04-04,0.690267007,0.659842092
2021-04-05,0.697328513,0.670605111
2021-04-06,0.701749269,0.679200121
2021-04-07,0.703034929,0.685008581
2021-04-08,0.701618576,0.687890194
2021-04-09,0.697354996,0.687410708
2021-04-10,0.690682869,0.682856053
2021-04-11,0.680615994,0.674123598
2021-04-12,0.666040817,0.661092697
2021-04-13,0.646110086,0.643754399
2021-04-14,0.621340618,0.622310569
2021-04-15,0.591369146,0.596899462
2021-04-16,0.556354201,0.567720618
2021-04-17,0.516051745,0.534674353
2021-04-18,0.479246541,0.498436602
2021-04-19,0.432791476,0.459419259
2021-04-20,0.394297991,0.418034456
2021-04-21,0.349997973,0.374583777
2021-04-22,0.308276809,0.329704383
2021-04-23,0.262944621,0.284202504
2021-04-24,0.216106734,0.238018265
2021-04-25,0.167998909,0.191797506
2021-04-26,0.118220214,0.145036348
2021-04-27,0.067218387,0.098045894
2021-04-28,0.014748195,0.050664737
2021-04-29,-0.03682534,0.003561725
2021-04-30,-0.087236216,-0.043249635
2021-05-01,-0.136141746,-0.090088913
2021-05-02,-0.183448956,-0.136776205
2021-05-03,-0.229378571,-0.182859453
2021-05-04,-0.274046069,-0.227727256
2021-05-05,-0.31840167,-0.271620684
2021-05-06,-0.361096622,-0.314169274
2021-05-07,-0.402093045,-0.354573075
2021-05-08,-0.440730902,-0.393321415
2021-05-09,-0.476285459,-0.429949874
2021-05-10,-0.508940729,-0.463591248
2021-05-11,-0.537933884,-0.494073846
2021-05-12,-0.562537131,-0.521144592
2021-05-13,-0.582502303,-0.544490428
2021-05-14,-0.59798599,-0.564017639
2021-05-15,-0.609120406,-0.579619876
2021-05-16,-0.616497271,-0.591474422
2021-05-17,-0.620746661,-0.599423301
2021-05-18,-0.620965502,-0.603024486
2021-05-19,-0.618846345,-0.602501112
2021-05-20,-0.612729793,-0.59793443
2021-05-21,-0.601717721,-0.589393084
2021-05-22,-0.586537892,-0.577231477
2021-05-23,-0.566124012,-0.560849572
2021-05-24,-0.541624961,-0.541342366
2021-05-25,-0.514040123,-0.517868101
2021-05-26,-0.483387758,-0.491027439
2021-05-27,-0.450527862,-0.461864098
2021-05-28,-0.413737655,-0.430281422
2021-05-29,-0.378470638,-0.396509976
2021-05-30,-0.342609118,-0.361383354
2021-05-31,-0.303184183,-0.325153959
2021-06-01,-0.265472684,-0.287607648
2021-06-02,-0.221987863,-0.249613522
2021-06-03,-0.179694483,-0.211197253
2021-06-04,-0.142050902,-0.172515957
2021-06-05,-0.099517502,-0.132931718
2021-06-06,-0.057350934,-0.09250672
2021-06-07,-0.014149906,-0.05172359
2021-06-08,0.029028409,-0.011044841
2021-06-09,0.06776192,0.028679931
2021-06-10,0.107043664,0.067368556
2021-06-11,0.144158944,0.104728585
2021-06-12,0.179349465,0.140609719
2021-06-13,0.211228607,0.175581467
2021-06-14,0.240465977,0.208342147
2021-06-15,0.26705328,0.237928146
2021-06-16,0.292951392,0.265242325
2021-06-17,0.315025186,0.290451294
2021-06-18,0.334086347,0.312418496
2021-06-19,0.351567575,0.33136375
2021-06-20,0.366041603,0.347488285
2021-06-21,0.378382706,0.360358246
2021-06-22,0.388334395,0.369758354
2021-06-23,0.393869634,0.376865547
2021-06-24,0.396567519,0.382104131
2021-06-25,0.395979845,0.384791569
2021-06-26,0.393136947,0.385079692
2021-06-27,0.385409956,0.382439495
2021-06-28,0.374814606,0.376995408
2021-06-29,0.361386273,0.368698065
2021-06-30,0.346916175,0.357227519
2021-07-01,0.330376971,0.343131703
2021-07-02,0.312569801,0.326410507
2021-07-03,0.293172798,0.307590113
2021-07-04,0.271672639,0.287092575
2021-07-05,0.249286074,0.26565607
2021-07-06,0.224985058,0.243299196
2021-07-07,0.199993674,0.220004189
2021-07-08,0.174701538,0.196587259
